iter,loss,val_loss,tok_s,vram_gb,elapsed_s
1749,4.6445,4.6516,21980,10.48,373
1999,4.5402,4.5807,23918,10.48,685
2249,4.1807,4.4681,25190,10.48,976
2499,4.5443,4.3886,25973,10.48,1262
2749,4.3681,4.3460,26464,10.48,1548
2999,4.2188,4.2799,26800,10.48,1834
3249,3.9680,4.2186,27024,10.48,2122
3499,3.9567,4.2170,26874,10.48,2439
3749,3.9778,4.1534,26965,10.48,2734
3999,4.1255,4.1168,27121,10.48,3021
4249,4.1195,4.0666,27231,10.48,3309
4499,4.0417,4.0515,27340,10.48,3596
4749,3.8662,4.0337,27433,10.48,3882
4999,4.0241,4.0055,27513,10.48,4168
5249,4.0181,4.0098,27565,10.48,4458
5499,3.7372,3.9742,27634,10.48,4743
5749,3.7441,3.9378,27690,10.48,5029
5999,3.8459,3.9214,27739,10.48,5316
6249,3.9911,3.8794,27772,10.48,5605
6499,3.7466,3.8981,27813,10.48,5891
6749,3.8531,3.8822,27856,10.48,6176
6999,3.8369,3.8379,27896,10.48,6461
7249,3.7392,3.8179,27919,10.48,6749
7499,3.8438,3.8050,27948,10.48,7035
7749,3.7570,3.7979,27606,10.48,297
7999,3.8499,3.8238,27816,10.48,589
8249,3.5681,3.7968,27422,10.48,896
8499,3.8666,3.7729,27364,10.48,1197
8749,3.8188,3.7813,27328,10.48,1499
8999,3.6679,3.7472,27178,10.48,1809
9249,3.5772,3.7513,25810,10.48,317
9499,3.7059,3.7886,26092,10.48,628
9749,3.4452,3.7694,26335,10.48,933
9999,3.7363,3.7528,26274,10.48,1247
